time,dst
0.0,15.132745950421556
4.960754022268727,12.653401613110235
8.340881349108862,10.98952347479963
11.607736370332198,9.369736469534251
14.929539876300518,7.73871924173691
17.739958039289647,6.34695921502861
21.038952682625027,4.7080438734029535
23.97472459576752,3.2728838644078415
28.57608294214829,2.7129333483531424
33.380225460928024,4.0454001859214035
36.350804298964675,5.23917198513567
39.69027110093222,6.697791959043633
43.80832948636586,8.590974519106041
47.13378171523974,10.202536949655336
50.57878938397191,11.858030420294279
54.300197585011105,13.667835421205325
58.43696768496296,15.700130785253966
63.01412447475603,17.967151573135997
66.90724754929427,19.893960629868186
70.32398658254193,21.587033144922902
