Rule,Time,Robustness
'out = (dst > 5);',0.0,10.132745950421556
'out = (dst > 5);',8.340881349108862,5.989523474799631
'out = (dst > 5);',11.607736370332198,4.369736469534253
'out = (dst > 5);',14.929539876300518,2.73871924173691
'out = (dst > 5);',17.739958039289647,1.34695921502861
'out = (dst > 5);',21.038952682625027,-0.2919561265970465
'out = (dst > 5);',23.97472459576752,-1.727116135592159
'out = (dst > 5);',28.57608294214829,-2.2870666516468576
'out = (dst > 5);',33.380225460928024,-0.9545998140785956
'out = (dst > 5);',36.35080429896468,0.23917198513566973
'out = (dst > 5);',39.69027110093222,1.6977919590436326
'out = (dst > 5);',43.80832948636586,3.590974519106041
'out = (dst > 5);',47.13378171523974,5.202536949655336
'out = (dst > 5);',50.57878938397191,6.858030420294281
'out = (dst > 5);',54.30019758501111,8.667835421205323
'out = (dst > 5);',58.43696768496296,10.700130785253966
'out = (dst > 5);',63.01412447475603,12.967151573135997
'out = (dst > 5);',66.90724754929427,14.893960629868182
'out = (dst > 5);',70.32398658254193,16.587033144922906
